DLGPPISLERLDVGTNLGNAIAKLEAKELLESSD,1
HRIDLGPPISLERLDVGTNLGNAIAKLEAKELLE,1
IDLGPPISLERLDVGTNLGNAIAKLEAKELLESS,1
LERLDVGTNLGNAIAKLEAKELLESSDQILRSMK,1
LGPPISLERLDVGTNLGNAIAKLEAKELLESSDQ,1
LHRIDLGPPISLERLDVGTNLGNAIAKLEAKELL,1
PISLERLDVGTNLGNAIAKLEAKELLESSDQILR,1
PPISLERLDVGTNLGNAIAKLEAKELLESSDQIL,1
RIDLGPPISLERLDVGTNLGNAIAKLEAKELLES,1
SLERLDVGTNLGNAIAKLEAKELLESSDQILRSM,1
ALLSTNKAVVSLSNGVSVLTSKVLDLKNYIDKQ,1
AVSKVLHLEGEVNKIALLSTNKAVVSLSNGVSV,1
EVNKIALLSTNKAVVSLSNGVSVLTSKVLDLKN,1
GEVNKIALLSTNKAVVSLSNGVSVLTSKVLDLK,1
IALLSTNKAVVSLSNGVSVLTSKVLDLKNYIDK,1
KIALLSTNKAVVSLSNGVSVLTSKVLDLKNYID,1
LEGEVNKIALLSTNKAVVSLSNGVSVLTSKVLD,1
NKIALLSTNKAVVSLSNGVSVLTSKVLDLKNYI,1
SKVLHLEGEVNKIALLSTNKAVVSLSNGVSVLT,1
VAVSKVLHLEGEVNKIALLSTNKAVVSLSNGVS,1
VNKIALLSTNKAVVSLSNGVSVLTSKVLDLKNY,1
VSKVLHLEGEVNKIALLSTNKAVVSLSNGVSVL,1
ERKVDFLEENITALLEEAQIQQEKNMYELQKLNSW,1
EWERKVDFLEENITALLEEAQIQQEKNMYELQKLN,1
FLEENITALLEEAQIQQEKNMYELQKLNSWDVFGN,1
KVDFLEENITALLEEAQIQQEKNMYELQKLNSWDV,1
QEWERKVDFLEENITALLEEAQIQQEKNMYELQKL,1
RKVDFLEENITALLEEAQIQQEKNMYELQKLNSWD,1
VDFLEENITALLEEAQIQQEKNMYELQKLNSWDVF,1
WERKVDFLEENITALLEEAQIQQEKNMYELQKLNS,1
WQEWERKVDFLEENITALLEEAQIQQEKNMYELQK,1
EWYNQTKDLQQKFYEIIMDIEQNNVQGKKGIQQLQ,1
GEWYNQTKDLQQKFYEIIMDIEQNNVQGKKGIQQL,1
GNITLGEWYNQTKDLQQKFYEIIMDIEQNNVQG,1
ITLGEWYNQTKDLQQKFYEIIMDIEQNNVQGKKGI,1
IWNHGNITLGEWYNQTKDLQQKFYEIITMDIEQNNV,1
LGEWYNQTKDLQQKFYEIIMDIEQNNVQGKKGIQQ,1
NITLGEWYNQTKDLQQKFYEIIMDIEQNNVQGK,1
NQTKDLQQKFYEIIMDIEQNNVQGKKGIQQLQKWE,1
TKDLQQKFYEIIMDIEQNNVQGKKGIQQLQKWEDW,1
TLGEWYNQTKDLQQKFYEIIMDIEQNNVQGKKG,1
WNHGNITLGEWYNQTKDLQQKFYEIIMDIEQNNVQ,1
WYNQTKDLQQKFYEIIMDIEQNNVQGKKGIQQLQK,1
YNQTKDLQQKFYEIIMDIEQNNVQGKKGIQQLQKW,1
AGAGTGATAIGMVTQYHQVL,1
CNCTNSSSSYSGTKMACPSNRG,1
EGGTLGNWAREIWATLFKKA,1
EGPGLGNWAREIWATLFKKA,1
EGPTGGNWAREIWATLFKKA,1
EGPTLGGWAREIWATLFKKA,1
EGPTLGNWAGEIWATLFKKA,1
EGPTLGNWAREGWATLFKKA,1
EGPTLGNWAREIWAGLFKKA,1
EGPTLGNWAREIWATGFKKA,1
EGPTLGNWAREIWATLFKGA,1
EGPTLGNWAREIWATLFKKA,1
EGPTLGNWAREIWATLFKKG,1
EGPTLGNWAREIWATLGKKA,1
EGPTLGNWAREIWGTLFKKA,1
EGPTLGNWARGIWATLFKKA,1
EGPTLGNWGREIWATLFKKA,1
EIWATLFKKATRQCRRGRIW,1
GGPTLGNWAREIWATLFKKA,1
HVMLALATVLSIAGAGTGATAI,1
IGLKVEAMEKFLYTAFAMQE,1
IGNIPQYLKGLLGGILGIGL,1
LGNWAREIWATL,1
LGNWAREIWATLFK,1
LGNWAREIWATLFKKA,1
LLGGILGIGLGVLLLILCLP,1
LQKWEDWVRWIGNIPQYLKG,1
NQTKDLQQKFYEIIMDIEQN,1
NVQGKTGIQQLQKWEDWVRW,1
PDYLLVPEEVMEYKPRRKRAAI,1
PTLGNWAREIWATLFKKA,1
RGILRNWYNPFAGLRQSLEQ,1
SGTKMACPSNRGILRNWYNP,1
TGALKINNLRLVTLEHQVLV,1
TRQCRRGRIWKRWNETITGP,1
YKPRRKRAAIHVMLALATVLSI,1
AIKWEYVLLLFLL,1
IKWEYVLLLFLL,1
KWEYVLLLFLL,1
SFAIKWEYVLLLFLL,1
VSFAIKWEYVLLLFL,1
WEYVLLLFLL,1
SWLRDIWDWACEVLSDFK,1
SWLRDIWDWECEVLSDFK,1
SWLRDIWDWGCEVLSDFK,1
SWLRDIWDWICELLSDFK,1
SWLRDIWDWLCELLSDFK,1
SWLRDIWDWSCEVLSDFK,1
SWLRDIWDWVCEVLSDFK,1
SWLRDLWDWICELLSDFK,1
SWLRDLWDWICEVLSDFK,1
SWLRDLWDWLCELLSDFK,1
SWLRDLWDWLCEVLSDFK,1
SGSWLRDIWDWICEVLSDFK,1
GSWLRDIWDWICEVLSDFK,1
SWLRDIWDWICEVLSDFKT,1
SWLRDIWDWICEVLSDFKTW,1
SWRLIDWDWICEVLSDFK,1
SWLRDIWDWICEVL,1
KFDSLVECIWDWIDRLWS,1
KWLCRIWSWISDVLDDFE,1
SIWRDWVDLICEFLSDWK,1
SWLRDVWDWICTVLTDFK,1
SWLRDVWDWVCTILTDFK,1
DWLRIIWDWVCSVVSDFK,1
SWLWEVWDWVLHVLSDFK,1
SWLRDVWDWVCTVLSDFK,1
SWLRDIWDWISEVLSDFK,1
SWLRDIWDWIREVLSDFK,1
SWLRDIWDWIEEVLSDFK,1
SWLDDIWDWICEVLSDFE,1
SWLRDIWDWICKVLSDFK,1
SWLDRIWRWICKVLSRFE,1
SWLRDIWRWICKVLSRFK,1
SWLRRIWRWICKVLSRFK,1
ACKFWW,1
AEPERRNIKYL,1
AIPCGESCVWIPCISAAIGCSCKNKVCYR,1
AKITFTNNHPRTIWP,1
CGESCAMISFCFTEVIGCSCKNKVCYLNSIS,1
CGESCVFIPCITSVAGCSCKSKVCYRNGIP,1
CGSVFLVGQLFTFSPRHH,1
CLGVGSCNDFAGCGYAIVCFW,1
DCPNGPWVWVPAFCQAVGWG,1
DREINNYTSLIHSLIEESQNQQEKNEQELLELDKWA,1
EELAKKAEELAKKAEELAKKAEELAKKAWASLWNWF,1
EWDREINNYTSLIHSLIEESQNQQEKNEQELLELDK,1
FKCRRWQWRM,1
FKRIVQRIKDFLR,1
GADFQECMKEHSQKQHQHQG,1
GDPTFCGETCRVIPVCTYSAALGCTCDDRSDGLCKRN,1
GFCRCICTRGFCRCICTR,1
GFCRCLCRRGVCRCICTR,1
GFKRIVQRIKDFLRNLV,1
GFPCGESCVFIPCISAAIGCSCKNKVCYRN,1
GICRCICGRGICRCYCGR,1
GICRCICGRRICRCICGR,1
GICRCYCGRGICRCICGR,1
GIGGKILSGLKTALKGAAKELASTYLH,1
GIGTKILGGVKTALKGALKELASTYAN,1
GIKEFKREFQRIKDFLRNLV,1
GIKEFKRIVQRIKDFLRNLV,1
GIKQFKRIVQRIKDFLRNLV,1
GIKYFSMVGNWAKVLVVL,1
GIPCAESCVWIPCTVTALVGCSCSDKVCYN,1
GIPCGESCVFIPCLTTVAGCSCKNKVCYRN,1
GLPICGETCVGGTCNTPGCSCSWPVCTRN,1
GPWVWVPAFCQAVGWGDPIT,1
GRFKRFRKKFKKLFKKIS,1
GRFKRFRKPFKKLFKKIS,1
GTACGESCYVLPCFTVGCTCTSSQCFKN,1
GTKALTEVIPLTEEAEC,1
GTKWLTEWIPLC,1
GTKWLTEWIPLTAEAEC,1
GTKWLTEWIPLTAEC,1
GVCRCICGRGVCRCICGR,1
GVCRCICGRGVCRCICRR,1
GVIPCGESCVFIPCISAAIGCSCKNKVCYRN,1
GVPCGESCVFIPCITGVIGCSCSSNVCYLN,1
GYCRCICGRGICRCICGR,1
HAKFWW,1
HCAFWW,1
HCKAWW,1
HCKFWF,1
HCKFWG,1
HCKFWH,1
HCKFWI,1
HCKFWR,1
HCKFWV,1
HCKFWW,1
HCKFWY,1
IWNNMTWMEWDREINNYTSLIHSLIEESQNQQEKNE,1
KIMAKPSKFYEQLRGR,1
KIPCGESCVWIPCLTSVFNCKCENKVCYHD,1
KIPCGESCVWIPCVTSIFNCKCENKVCYHD,1
KPVSLSYRCPCR,1
KPVSLSYRCPCRF,1
KPVSLSYRCPCRFF,1
KQTENLADTY,1
LCDCPNGPWVWVPAFCQAVG,1
LEAIPCSIPPCFAFNKDFVF,1
LEAIPCSIPPCFAFNKPFVF,1
LEAIPCSIPPCLAFAKPFVF,1
LEAIPCSIPPCVFFGKPFVF,1
LEAIPCSIPPCVFFNKPFVF,1
LEAIPCSIPPCVGFGKPFVF,1
LEAIPCSIPPCVLFNKPFVF,1
LEAIPCSIPPECLFGKPFVF,1
LEAIPCSIPPEFLFGKPFVFLEAIPCSIPPEFLFGKPFVF,1
LEAIPISIPPEVFFGKPFVF,1
LEAIPMCIPPECFFNKPFVF,1
LEAIPMCIPPECLFGKPFVF,1
LEAIPMCIPPECLFNKPFVF,1
LEAIPMKIPPEFLFGKPFVF,1
LEAIPMSCPPEFCFGKPFVF,1
LEAIPMSIPPEFAFNKDFVF,1
LEAIPMSIPPEFLFGKPFVF,1
LEAIPMSIPPEIAFNKPFVF,1
LEAIPMSIPPELAFAKPFVF,1
LEAIPMSIPPEVKFNKPFVF,1
LIHSLIEESQNQQEKNEQELLELDKWASLWNWFNIT,1
LLGDLLRKSKEKIGKEFKRIVQRIKDFLRNLVPRTES,1
LLRIPQAIMDMIAGAHWG,1
LPLPAPSFHRTT,1
LSYRCPCRFF,1
MEWDREINNYTSLIHSLIEESQNQQEKNEQELLELD,1
NGVIPCGESCVFIPCISTLLGCSKNKVCYR,1
NMTWMEWDREINNYTSLIHSLIEESQNQQEKNEQEL,1
NNMTWMEWDREINNYTSLIHSLIEESQNQQEKNEQE,1
NNYTSLIHSLIEESQNQQEKNEQELLELDKWASLWN,1
NYTSLIHSLIEESQNQQEKNEQELLELDKWASLWNW,1
PNGPWVWVPAFCQAVGWGDP,1
PQITLRKKRRQRRRPPQVSFNFATLNF,1
PQITLRKKRRQRRRPPQVSFNFCTLNF,1
PTGERVWDRGNVTLLCDCPN,1
PVSLSYRCPCRFFE,1
QIWNNMTWMEWDREINNYTSLIHSLIEESQNQQEKN,1
QLLDVVKRQQEMLRLTVWGTKNLQARVTAIEKYLKDQ,1
QLLIRMIYKNI,1
QLLIRMIYKNILFYLVPGPGHGAEPERRNIKYL,1
RGGRLCYCRRRFCVCVGR,1
RGNVTLLCDCPNGPWVWVPA,1
RIPTGERVWDRGNVTLLCDC,1
RMIYKNILFYLVPGPGHGAEPERRNIKYL,1
SKEKIGKEFKRIVQRIKDFLR,1
SLIHSLIEESQNQQEKNEQELLELDKWASLWNWFNI,1
SNQGGSPLPRSV,1
SSGLYHVTNDCPNSSIVY,1
SYRCPCRFFES,1
SYSMEHFRWGKPV,1
TFCGETCRVIPVCTYSAALGCTCDDRSDGLCKRNGDP,1
TLLCDCPNGPWVWVPAFCQA,1
TSLIHSLIEESQNQQEKNEQELLELDKWASLWNWFN,1
TWMEWDREINNYTSLIHSLIEESQNQQEKNEQELLE,1
VCYRNGIPCGESCVWIPCISAALGSCK,1
WDREINNYTSLIHSLIEESQNQQEKNEQELLELDKW,1
WDRGNVTLLCDCPNGPWVWV,1
WMEWDREIEALAKAAEALAKAAEALAKAAWASLWNWF,1
WMEWDREIEEAAKKLEEAAKKLEEAAKKLWASLWNWF,1
WMEWDREINNYTSLIGSLIEESQNQQEKNEQELLE,1
WMEWDREINNYTSLIHSLIEESQNQQEKNEQELLE,1
WMEWDREINNYTSLIHSLIEESQNQQEKNEQELLEL,1
WNNMTWMEWDREINNYTSLIHSLIEESQNQQEKNEQ,1
WVWVPAFCQAVGWGDPITHW,1
YCKKCCYHCQ,1
YPGHITGHRMANMMMNW,1
YQCGQGG,1
YQLAIRMIYKNI,1
YQLLIRAIYKNI,1
YQLLIRMAYKNI,1
YQLLIRMIAKNI,1
YQLLIRMIY,1
YQLLIRMIYANI,1
YQLLIRMIYKAI,1
YQLLIRMIYKNA,1
YQLLIRMIYKNI,1
YTSLIHSLIEESQNLQEKNEQELLELDKWASLWNWF,1
YTSLIHSLIEESQNQQEKLEQELLELDKWASLWNWF,1
YTSLIHSLIEESQNQQEKNEQELLELDKWASLANWF,1
YTSLIHSLIEESQNQQEKNEQELLELDKWASLFNFF,1
YTSLIHSLIEESQNQQEKNEQELLELDKWASLWNAF,1
YTSLIHSLIEESQNQQEKNEQELLELDKWASLWNSF,1
YTSLIHSLIEESQNQQEKNEQELLELDKWASPWNWF,1
YTSLIHSLIEESQNQQEKNEQELLQLDKWASLWNWF,1
YTSLIHSLIEESQNQQEKNEQQLLELDKWASLWNWF,1
YTSLIHSLIEESQNQQEKNQQELLQLDKWASLWNWF,1
YTSLIHSLIEESQQQQEKNEQELLELDKWASLWNWF,1
YTSLIHSLIEQSQNQQEKNEQELLELDKWASLWNWF,1
YTSLIHSLIQESQNQQEKNEQELLELDKWASLWNWF,1
YTSLIQSLIEESQNQQEKNEQELLELDKWASLWNWF,1
YTSLIQSLIEESQNQQEKNEQQLLELDKWASLWNWF,1
ALWKTMLKKLGTMALHAGKAALGAAADTISQGTQ,1
GLFGVLAKVAAHVVPAIAEHF,1
GLLSVLGSVAKHVLPHVVPVIAEHL,1
CGRLLLRRQRRRAHQN,1
EWRKKRYSTQV,1
FFGKVLKLIRKIF,1
FFHHIFRGIVHVGKTIHRLVTG,1
GFKDLLKGAAKALVKTVLF,1
GFLDIIEKIAKSW,1
GFLSILKKVLPKVMAHMK,1
GFNEIVQDIEDFLQNLV,1
GIGAVLKVLTTGLPALISWIKRKRQQ,1
GIIDIAKKLFESW,1
GIWDTIKSMGKVFAGKILQNL,1
GIWSDLAEIIKKF,1
GLLGLLGSVVSHVVPAIVGHF,1
GLRRLLGRLLRRLGRLLLR,1
GLRSKIWLWVLLMIWQESNKFKKM,1
GLRSRIWLWVLLMIWQESNRFKRM,1
GWFDIIKKIASEL,1
GWFDVVKHIAKRF,1
ILGPVLGLVSRTLRRVLGIL,1
LLKELWTKIKGAGKAVLGKIKGLL,1
MTWEAWDRAIAEYAARIEALIRAAQEQQEKNEAALREL,1
MTWMAWDRAIANYAALIHALIEAAQNQQEKNEAALLEL,1
MTWMEWDREINNYTSLIHSLIEESQNQQEKNEQELL,1
MTWMEWDREINNYTSLIHSLIEESQNQQEKNEQELLEL,1
SLSRFLRFLKIVYRRAF,1
TTWEAWDRAIAEYAARIEALIRAAQELQEKLEAALREL,1
TTWEAWDRAIAEYAARIEALIRAAQELQEKNEAALREL,1
TTWEAWDRAIAEYAARIEALIRAAQEQQEKLEAALREL,1
TTWEAWDRAIAEYAARIEALIRAAQEQQEKLEAVLREL,1
TTWEAWDRAIAEYAARIEALIRAAQEQQEKNEAALREL,1
TTWEAWDRAIAEYAARIEALIRALQELQEKLEAILREL,1
TTWEAWDRAIAEYAARIEALIRALQELQEKNEAALREL,1
TTWEAWDRAIAEYAARIEALIRALQELQEKNEAILREL,1
TTWEAWDRAIAEYAARIEALIRALQEQQEKNEAALREL,1
TTWEAWDRAIAEYAARIEALIRALQEQQEKNEAILREL,1
TTWEEWDREINEYTSRIESLIRESQEQQEKNEQELREL,1
VFQFLGRIIHHVGNFVHGFSHVF,1
WQEWEQKITALLEQAQIQQEKNEYELQKLDKWASLWEWF,1
YTSLIHSLIEESQNQQEKNEQELLELDKWASLWNWF,1
YVSGKARGWFYRHHY,1
YVSGKARGWFYRHHYESPHPRISSEVHIPLGDARLV,1
AEGIGALFLGFLGAAGSTMGARSMTLTVQARQL,1
AVGIGALFLGFLGAAGSTMGARSMTLTVQARQL,1
AIRDTNKAVQSVQSSIGNLIVAIKSVQDYVNKEIV,1
AKQARSDIEKLKEAIRDTNKAVQSVQSSIGNLIVA,1
ALDPIDISIELNKAKSDLEESKEWIRRSNQKLDSI,1
ARSDIEKLKEAIRDTNKAVQSVQSSIGNLIVAIKS,1
AVALVEAKQARSDIEKLKEAIRDTNKAVQSVQSSI,1
DISIELNKAKSDLEESKEWIRRSNQKLDSIGNWHQ,1
DPIDISIELNKAKSDLEESKEWIRRSNQKLDSIGN,1
EAKQARSDIEKLKEAIRDTNKAVQSVQSSIGNLIV,1
KLKEAIRDTNKAVQSVQSSIGNLIVAIKSVQDYVN,1
KQARSDIEKLKEAIRDTNKAVQSVQSSIGNLIVAI,1
LNNSVALDPIDISIELNKAKSDLEESKEWIRRSNQ,1
LVEAKQARSDIEKLKEAIRDTNKAVQSVQSSIGNL,1
RSDIEKLKEAIRDTNKAVQSVQSSIGNLIVAIKSV,1
SDIEKLKEAIRDTNKAVQSVQSSIGNLIVAIKSVQ,1
SVALDPIDISIELNKAKSDLEESKEWIRRSNQKLD,1
TAAVALVEAKQARSDIEKLKEAIRDTNKAVQSVQS,1
TLNNSVALDPIDISIELNKAKSDLEESKEWIRRSN,1
VEAKQARSDIEKLKEAIRDTNKAVQSVQSSIGNLI,1
ALDPIDISIELNKAKSDLEESKEWIRRSNQKLDS,1
AQITAAVALVEAKQARSDIEKLKEAIRDTNKAVQS,1
DPIDISIELNKAKSDLEESKEWIRRSNQKLDSIG,1
IDISIELNKAKSDLEESKEWIRRSNQKLDSIGNW,1
LDPIDISIELNKAKSDLEESKEWIRRSNQKLDSI,1
LKEAIRDTNKAVQSVQSSIGNLIVAIKSVQDYVNK,1
NSVALDPIDISIELNKAKSDLEESKEWIRRSNQK,1
PIDISIELNKAKSDLEESKEWIRRSNQKLDSIGN,1
QARSDIEKLKEAIRDTNKAVQSVQSSIGNLIVAIK,1
FKCRRWQWRMKKLGA,1
FKCRRWQWRMKKLGAPSITCVRRAF,1
RFLVCWKQKIWGKARPSMCTRRARF,1
TKCFQWQRNMRKVRGPPVSCIKRDS,1
TKCFQWQWNMRKVRGPPVSCIKRDS,1
TKCRRWQRNMRKVRGPPVSCIKRDS,1
AAHLIDALYAEFLGGRVLTTPVVHRALFYASAVLRQPFLAGVPSA,1
CYCRIPACIAGERRYGTCIYQGRLWAFCC,1
FLPVLAGIAAKVVPALFCKITKKC,1
GHRRYFTFGGGYVYF,1
GIGKFLHSAGKFGKAFVGEIMKS,1
GLASTLTRWAHYNALIRAF,1
HEFVPLEVYTRHEIK,1
HRWRKRWRKWRWRKRWRK,1
KRWRKRWRKKRWRKRWRK,1
KTTSSIEFARLQFTY,1
KVLTTGLPALISWIKRKRQQ,1
LLGDFFRKSKEKIGKEFKRIVQRIKDFLRNLVPRTES,1
LRKLRKRLL,1
LRKRKRL,1
LRKRKRLLK,1
LRKRKRLRK,1
LRKRKRLRKLRKRKRLRK,1
LRTRKRGRK,1
LRTRKRGRKLRTRKRGRK,1
LRWRKRWRKLRWRKRWRK,1
LRWRKRWRKWRWRKRWRK,1
RARRSLLIASALCTSDVAAATNADLRTALARADHQKTLFWL,1
RLTRKRGLK,1
RRCICTTRTCRFPYRRLGTCIFQNRVYTFCC,1
RRWRKRWRKRRWRKRWRK,1
RRWRKRWRKWRWRKRWRK,1
RTRKGRK,1
RTRKGRR,1
RTRKRWRKRTRKRGRK,1
RWRKRGRKRWRKRGRK,1
RWRKRWRKRWRKRWRK,1
RWRKRWRKWRWRKRWRK,1
RWRKRWRWRKRWRWRKRW,1
TARLQLEARLQHLVAEILEREQSLA,1
TARLQLEARLQHLVAEILEREQSLALHALGYQLAFV,1
TTPKFTVAWDWVPKR,1
VFQFLGKIIKKVGNFVKGFSKVF,1
VVCACRRALCLPLERRAGFCRIRGRIHPLCCRR,1
WRWRKRWRK,1
WRWRKRWRKWRWRKRWRK,1
YDHIQDHVNTMFSRLATSWCLLQNKERALWAEAA,1
YFYNAK,1
LRKRKRLLRKRKRL,1
RTRKRGRRTRKRGR,1
GIGKFLHSAKKFGKAFVGEIMNS,1
ILPWKWPWWPWRR,1
GMASKAGAIAGKIAKVALKAL,1
GIGKFLKKAKKGIGAVLKVLTTGL,1
ALSKALSKALSKALSKALSKALSK,1
KKLLKKLKKLLKKL,1
IDISIELNKAKSDLEESKEWIRRSNQKLDSIGNWH,1
LDPIDISIELNKAKSDLEESKEWIRRSNQKLDSIG,1
NNSVALDPIDISIELNKAKSDLEESKEWIRRSNQK,1
NSVALDPIDISIELNKAKSDLEESKEWIRRSNQKL,1
PIDISIELNKAKSDLEESKEWIRRSNQKLDSIGNW,1
SIELNKAKSDLEESKEWIRRSNQKLDSIGNWHQSS,1
VALDPIDISIELNKAKSDLEESKEWIRRSNQKLDS,1
CATCEQIADSQHRSHRQMV,1
CATCQIADSHRSHRQMV,1
PPWCCCSPMKRASPPPAQSDLPATPKCPP,1
RRKKAAVALLPAVLLALLAP,1
RRKKAVLLALLAP,1
RRKKLPAVLLALLAP,1
RRKKPAVLLALLAP,1
RRKKVLLALLAP,1
RRKKAAVALLAVLLALLA,1
RRKKVALLAVLLALLA,1
GLLRKGGEKIGEKLKKIGQKIKNFFQKLVPQPEQ,1
RKAVLLALLA,1
RKKLAVLLALLA,1
RRKKAAAAAAAAA,1
RRKKLAVLLALLA,1
RRKKLLAVLLALLA,1
HGVSGHGQHGVHG,1
DLGPPISLERLDVGTNLGNAIAKLEDAKELLESSD,1
IDLGPPISLERLDVGTNLGNAIAKLEDAKELLESS,1
LERLDVGTNLGNAIAKLEDAKELLESSDQILRSMK,1
LGPPISLERLDVGTNLGNAIAKLEDAKELLESSDQ,1
LHRIDLGPPISLERLDVGTNLGNAIAKLEDAKELL,1
PISLERLDVGTNLGNAIAKLEDAKELLESSDQILR,1
PPISLERLDVGTNLGNAIAKLEDAKELLESSDQIL,1
RIDLGPPISLERLDVGTNLGNAIAKLEDAKELLES,1
SLERLDVGTNLGNAIAKLEDAKELLESSDQILRSM,1
LFRLIKSLIKRLVSAFK,1
DASISQVNEKINQSLAFIRKSDELLHNVNAGKSTT,1
DEFDASISQVNEKINQSLAFIRKSDELLHNVNAGK,1
EFDASISQVNEKINQSLAFIRKSDELLHNVNAGKS,1
FPSDEFDASISQVNEKINQSLAFIRKSDELLHNVN,1
FYDPLVFPSDEFDASISQVNEKINQSLAFIRKSDE,1
PLVFPSDEFDASISQVNEKINQSLAFIRKSDELLH,1
PSDEFDASISQVNEKINQSLAFIRKSDELLHNVNA,1
VFPSDEFDASISQVNEKINQSLAFIRKSDELLHNV,1
YDPLVFPSDEFDASISQVNEKINQSLAFIRKSDEL,1
DASISQVNEKINQSLAFIRKSDELLHNVNAGKSIT,1
DPLVFPSDEFDASISQVNEKINQSLAFIRKSDELL,1
KKRKRRFLGFLLGVGSA,1
SDEFDASISQVNEKINQSLAFIRKSDELLHNVNAG,1
SSVITSLGAIVSCYGKT,1
VITIELSNIKENKCNGAKVKLIKQELDKYKNAV,1
YTSVITIELSNIKENKCNGAKVKLIKQELDKYK,1
IQKEIDRLNEVAKNLNESLI,1
PTTFMLKYDENGTITDAVDC,1
QYGSFCTQLNRALSGIAAEQ,1
YQDVNCTDVSTAIHADQLTP,1
GVFVFNGTSWFITQRNFFS,1
GYFVQDDGEWKFTGSSYYY,1
GYHLMSFPQAAPHGVVFLHVTW,1
IQKEIDRLNEVAKNLNESLIDLQELGK,1
NGIGVTQNVLYENQKQIANQFNKAISQIQESLTTTSTA,1
AALYKKKIIKKLLES,1
KNGRKLCLDLQAALY,1
KWKLFKKIGIGKFLHAAKKF,1
KWKLFKKIGIGKFLHFAKKF,1
KWKLFKKIGIGKFLHWAKKF,1
RRKKAAVAALPAVLLALLAP,1
RRKKAAVALAPAVLLALLAP,1
RRKKAAVALKPAVLLALLAP,1
RRKKAAVALLKAVLLAALAP,1
RRKKAAVALLKAVLLALAAP,1
RRKKAAVALLKAVLLALKAP,1
RRKKAAVALLPAVALALLAP,1
RRKKAAVALLPAVKLALLAP,1
RRKKAAVALLPAVLAALLAP,1
RRKKAAVALLPAVLEALLAP,1
RRKKAAVALLPAVLKALLAP,1
RRKKAAVALLPAVLLAKLAP,1
RRKKAAVALLPAVLLALL,1
RRKKAAVALLPAVLLALLA,1
RRKKALLPAVLLALLAP,1
RRKKAVALLPAVLLALLAP,1
RRKKLLPAVLLALLAP,1
RRKKVALLPAVLLALLAP,1
RWRWRW,1
CDVIALLACHLNT,1
CDVIALLCHLNTPSF,1
CDVIALLCHLNTPSFNTTHYRESWY,1
DTRACDVIALLCHLNT,1
ALWKTLLKKVLKAAAK,1
ALWKTLLKKVLKAAAKAALNAVLVGANA,1
ALWMTLLKKVLKAAAK,1
ALWMTLLKKVLKAAAKAALNAVLVGANA,1
FDASISQVNEKINQSLAFIRKSDELLHNVNAGKST,1
KPKQIKPPLPSV,1
NNLLRAIEAQQHLLQLTVWQIKQLQARILAVERYLKDQ,1
SVITIELSNIKENKCNGTDAKVKLIKQELDKYKNA,1
TSVITIELSNIKENKCNGTDAKVKLIKQELDKYKN,1
VITIELSNIKENKCNGTDAKVKLIKQELDKYKNAV,1
GPPISLERLDVGTNLGNAIAKLEAKELLESSDQI,1
KVLHLEGEVNKIALLSTNKAVVSLSNGVSVLTS,1
DFLEENITALLEEAQIQQEKNMYELQKLNSWDVFG,1
EGPTLGNWAREIWATLFGKA,1
NWAREIWATLFKKA,1
FAIKWEYVLLLFLL,1
SWLRDIWDWKCEVLSDFK,1
SWLRDIWDWLCEVLSDFK,1
SWLRDIWDWICEVLSDFK,1
SWLRDIWDWICEVLSD,1
TWLRAIWDWVCTALTDFK,1
ANTAFVSSAHNTQKIPAGAPFNRNLRAMLADLRQNAAFAG,1
CGGNNLLRAIEAQQHLLQLTVWGIKQLQARILAVERYLKDQ,1
EQCREEEDDR,1
GGTIFDCGETCFLGTCYTPGCSCGNYGFCYGTN,1
GICRCICGKGICRCICGR,1
GICRCICGRGICRCICGR,1
GIKEWKRIVQRIKDFLRNLV,1
GLPVCGETCVGGTCNTPGCTCSWPVCTRN,1
GVCRCLCRRGVCRCICRR,1
KTCENLADTY,1
LEAIPCSIPPCFLFGKPFVF,1
LEAIPISIPPELAFAKPFVF,1
LEAIPMSIPPEVFFGKPFVF,1
LSYRCPCR,1
WMEWDREIEELAKKAEELAKKAEELAKKAWASLWNWF,1
YALLIRMIYKNI,1
YQLLARMIYKNI,1
YQLLIAMIYKNI,1
YTSLIHSLIEESQNQQEKNEQELLEFDKWASLWNWF,1
YTSLIHSLIEESQNQQEKNEQELLELNKWASLWNWF,1
GLFGVLGSIAKHVLPHVVPVIAEKL,1
DWHLGQGVSIEWRKK,1
FLFPLITSFLSKVL,1
GLFDIIKKIAESW,1
GWLKKIESIIDAF,1
HVDKKVADKVLLLKQLRIMRLLTRL,1
TTWEAWDRAIAEYAARIEALIRAAQEQQEKNEAILREL,1
TTWEAWDRAIAEYAARIEALIRASQEQQEKNEAELREL,1
ELNKAKSDLEESKEWIRRSNQKLDSIGNWHQSSTT,1
IELNKAKSDLEESKEWIRRSNQKLDSIGNWHQSST,1
AAHLIDALYAEFLGGRVLTT,1
HRWRKRWRKHRWRKRWRK,1
KRWRKRWRKWRWRKRWRK,1
RTRKRGRKRTRKRGRK,1
RGGKIAGKIAKIAGKIAKIAGKIA,1
ISIELNKAKSDLEESKEWIRRSNQKLDSIGNWHQS,1
RRKKAAVALLPAVLLA,1
RRKKAAVALLPAVLLAL,1
GPPISLERLDVGTNLGNAIAKLEDAKELLESSDQI,1
HRIDLGPPISLERLDVGTNLGNAIAKLEDAKELLE,1
ISLERLDVGTNLGNAIAKLEDAKELLESSDQILRS,1
LVFPSDEFDASISQVNEKINQSLAFIRKSDELLHN,1
KWKLFKKIGIGKFLHVAKKF,1
CDVIALLCHLNT,1
CVCVKTTSLVRPRHI,0
RRKKLAALPLVLAAPLAVLA,0
RWRWRWRW,0
RWRWRWRWRW,0
SDDPKESEGDLHCVC,0
ALNTLVKQLSSNFGAISSVLNDILSRLDKVEAEVQIDRL,0
FKLPLGINITNFRAILTAFS,0
FKNHTSPDVDLGDISGINASVVNIQKEIDRLNEVAKNLNES,0
FNKAISQIQESLTTTSTALGKLQDVVNQNAQALNTLVKQL,0
GIGVTQNVLYENQKQIANQF,0
GINASVVNIQKEIDRLNEVAKNLNESLIDLQELGK,0
IDRLITGRLQSLQTYVTQQLIRAAEIRASANLAATK,0
IDRLNEVAKNLNESLIDLQELGKYEQYIKWPW,0
INASVVNIQKEIDRLNEVAKNLNESLIDL,0
INASVVNIQKEIDRLNEVAKNLNESLIDLQELGK,0
INASVVNIQKEIDRLNEVAKNLNESLIDLQELGKYEQYI,0
IQKEIDRLNEVAKNLNESLIDLQELGKYEQYIKWPW,0
ISGINASVVNIQKEIDRLNEVAKNLNESLIDLQELGK,0
ISGINASVVNIQKEIDRLNEVAKNLNESLIDLQELGKYEQYIKWPW,0
LDKYFKNHTSPDVDLGDISGINASVVNIQKEIDRLNEVAK,0
PALNCYWPLNDYGFYTTSGI,0
QPELDSFKEELDKYFKNHTSPDVDLGDISGINASVVNIQ,0
RDVSDFTDSVRDPKTSEILD,0
SFKEELDKYFKNHTSPDVDLGDISGINASVVNIQKEIDRLNE,0
SNNTIAIPTNFSISITTEVM,0
VLYNSTFFSTFKCYGVSATK,0
VVNIQKEIDRLNEVAKNLNESLIDLQELGK,0
VVNIQKEIDRLNEVAKNLNESLIDLQELGKYEQYIKWPW,0
VYDPLQPELDSFKEELDKYFKNHTSPDVDLGDISGINASVV,0
YVTQQLIRAAEIRASANLAATKMSECVLGQSKRVDFCGKG,0
ENKCNGTDAKVKLIKQELDKYKNAVTELQLLMQST,0
IELSNIKENKCNGTDAKVKLIKQELDKYKNAVTEL,0
IKENKCNGTDAKVKLIKQELDKYKNAVTELQLLMQ,0
ITIELSNIKENKCNGTDAKVKLIKQELDKYKNAVT,0
KENKCNGTDAKVKLIKQELDKYKNAVTELQLLMQS,0
LSNIKENKCNGTDAKVKLIKQELDKYKNAVTELQL,0
NIKENKCNGTDAKVKLIKQELDKYKNAVTELQLLM,0
SNIKENKCNGTDAKVKLIKQELDKYKNAVTELQLL,0
TIELSNIKENKCNGTDAKVKLIKQELDKYKNAVTE,0
CGRCLQRACCKYCRLKCRLILFVIF,0
CVTCKSTVLCDKMQHPCRRGPRCISC,0
LLPIVGNLLNSLL,0
SLIGGLVSAFK,0
LFGLIPSLIGGLVSAFK,0
LNNSRA,0
LQMDDFELL,0
CACIADHSH,0
CTCIADHRH,0
EEDDLAVLLALLA,0
RRKKAA,0
RRKKAALLVLAALAVLA,0
RRKKAAV,0
RRKKAAVA,0
RRKKAAVAL,0
RRKKAAVALL,0
RRKKAAVALLP,0
RRKKAAVALLPA,0
RRKKAAVALLPAV,0
RRKKAAVALLPAVLL,0
RRKKALLAP,0
RRKKAP,0
RRKKLALLAP,0
RRKKLAP,0
RRKKLLAP,0
AYQPLLSNTLAELYV,0
CIVEEVDARSVYPYD,0
CKNKEKKCCKNKEKKC,0
CPPPTGATVVQFEQP,0
CYSRPLVSFRYEDQG,0
DCIGKDARDAMDRIF,0
DDHETDMELKPANAA,0
DMELKPANAATRTSR,0
DNATVAAGHATLREH,0
DPKPKKNKKPKNPTP,0
DPTARLQLEARLQHLVAEILEREQSLALHA,0
DSGLLDYTEVQRRNQ,0
DVMAVSTCVPVAADN,0
DVREEEQLGERATGLNLNI,0
DYTEVQRRNQLHDLR,0
EARKLNPNAIASVTV,0
EEYAYSHQLSRADIT,0
EFVLATGDFVYMSPF,0
EPCTVGHRRYFTFGG,0
EQSRKPPNPTPPPPG,0
EVDEMLRSEYGGSFR,0
FEDRAPVPFEEVIDK,0
FSSDAISTTFTTNLT,0
FTFGGGYVYFEEYAY,0
GATVVQFEQPRRCPT,0
GENNELRLTRDAI,0
GGFLIAYQPLLSNTL,0
GGSFRFSSDAISTTF,0
GHRYSQFMGIFEDRA,0
GIGKFLKKAKKFGKAFVKILKK,0
GRRVSARMLGDVMAV,0
GSHTEHTTYAADRFK,0
GTPGVAAATQAANGG,0
GTTVNCIVEEVDARS,0
GWHTTDLKYNPSRVE,0
GYVYFEEYAYSHQLS,0
HATCSLAFALATSVALATRNDLLLRWAAARDAQTILSKRDR,0
HTTYAADRFKQVDGF,0
IAVVFKENIAPYKFK,0
IAWCELQNHELTLWN,0
IDLNITMLEDHEFVP,0
IEFARLQFTYNHIQR,0
INAKGVCRSTAKYVR,0
ISTTFTTNLTEYPLS,0
KDVTVSQVWFGHRYS,0
KENIAPYKFKATMYY,0
KNKKPKNPTPPRPAG,0
KNPTPPRPAGDNATV,0
KWKLFKKIEKVGQNIRDGIIKAGPAVAVVGQATQIAKb,0
LGRVAIAWCELQNHE,0
LHDLRFADIDTVIHA,0
LQFTYNHIQRHVNDM,0
LQLEARLQHLVAEILER,0
LQNHELTLWNEARKL,0
LQVAERLTRKYNELLKSYQ,0
LRDIKAENTDANFYV,0
LRKEKKRLLLRKEKKRLL,0
LRSEYGGSFRFSSDA,0
LSNTLAELYVREHLR,0
LTLWNEARKLNPNAI,0
LVSFRYEDQGPLVEG,0
MDRIFARRYNATHIK,0
MTKWQEVDEMLRSEY,0
NELRLTRDAIEPCTV,0
NFHAMFQPFLEMIHEAQQ,0
NHIQRHVNDMLGRVA,0
NNLETTAFHRDDHET,0
NPNAIASVTVGRRVS,0
NYTEGIAVVFKENIA,0
PANAATRTSRGWHTT,0
PATPAPPPLGAAPTG,0
PLGEEMRDRARAHVDALRTHLA,0
PLVEGQLGENNELRL,0
PPNPTPPPPGASANA,0
PPPLGAAPTGDPKPK,0
PPPPGASANASVERI,0
PRPAGDNATVAAGHA,0
PSRVEAFHRYGTTVN,0
PSVCTMTKWQEVDEM,0
PVLDEFREKLNEELEALKQKMK,0
PYSDELRQRLAARLEALKENGG,0
QFEQPRRCPTRPEGQ,0
QFMGIFEDRAPVPFE,0
QLGENNELRLTRDAI,0
QRRNQLHDLRFADID,0
QVDGFYARDLTTKAR,0
RADITTVSTFIDLNI,0
RALVDTLKFVTQAEGAK,0
REHLREQSRKPPNPT,0
RGGRLAYARRRFAVAVGRb,0
RGGRLAYCRRRFCVAVGRb,0
RHEIKDSGLLDYTEV,0
RPEGQNYTEGIAVVF,0
RRCPTRPEGQNYTEG,0
RSLEGTDRFPFVRLKNSRKLEFKDIKGIKREQFVKIL,0
RVDLGDCIGKDARDA,0
SHQLSRADITTVSTF,0
SMRISSRPGACYSRP,0
SQVWFGHRYSQFMGI,0
SRPGACYSRPLVSFR,0
STCVPVAADNVIVQN,0
SVERIKTTSSIEFAR,0
SWLSKTAKKLENSAKKRISEGIAIAIQGGPR,0
TAAGDARANAVAKAGLHDLNIETDTERNH,0
TAFHRDDHETDMELK,0
TGDFVYMSPFYGYRE,0
TLREHLRDIKAENTD,0
TMLEDHEFVPLEVYT,0
TRDAIEPCTVGHRRY,0
TRNLLTTPKFTVAWD,0
TRTSRGWHTTDLKYN,0
TTKARATAPTTRNLL,0
TTNLTEYPLSRVDLG,0
TVAWDWVPKRPSVCT,0
TWLATRGLLRSPGRYVYFSPSASTWPVGIWTTGELVLGCDAAL,0
VAADNVIVQNSMRIS,0
VCRSTAKYVRNNLET,0
VDARSVYPYDEFVLA,0
VEGQLGENNELRLTRDAIE,0
VFQFLGKIIHHVGNFVHGFSHVF,0
VFQFLGKIIHHVGNFVHGFSHVFb,0
VGQPQYYLANGGFLI,0
VIVQNSMRISSRPGA,0
VTDYGKDLMEKVKEWLNS,0
VTDYGKDLMEKVKSPELQ,0
VYPYDEFVLATGDFV,0
WVPKRPSVCTMTKWQ,0
YARDLTTKARATAPT,0
YEDQGPLVEGQLGEN,0
YGYREGSHTEHTTYA,0
YMSPFYGYREGSHTE,0
YQFHLVLHEALRAQALSRQLILGRELAQELVAELAT,0
YYQANGGFLIAYQPL,0
AAATQAANGGPATPA,0
AAGHATLREHLRDIK,0
AANGGPATPAPPPLG,0
AAPTGDPKPKKNKKP,0
ADRFKQVDGFYARDL,0
AELYVREHLREQSRK,0
AENTDANFYVCPPPT,0
AFHRYGTTVNCIVEE,0
AKYVRNNLETTAFHR,0
ANFYVCPPPTGATVV,0
ARLAEYHAKATEHLSTLSEKAK,0
ARMLGDVMAVSTCVP,0
ARRYNATHIKVGQPQ,0
ASANASVERIKTTSS,0
ASVTVGRRVSARMLG,0
ATAPTTRNLLTTPKF,0
ATHIKVGQPQYYQAN,0
ATMYYKDVTVSQVWF,0
DITLNNSVALDPIDISIELNKAKSDLEESKEWIR,0
NDITLNNSVALDPIDISIELNKAKSDLEESKEWIR,0
TPNDITLNNSVALDPIDISIELNKAKSDLEESKEW,0
VALDPIDISIELNKAKSDLEESKEWIRRSNQKLD,0
YTPNDITLNNSVALDPIDISIELNKAKSDLEESKE,0
GPGRAF,0
GRKKRRQRRRC,0
ANGSRIPTGERVWDRGNVTL,0
AQLLESVLQEERILALHAQARERLT,0
ARANVKHLKILNT,0
ARLKNNNRQVCID,0
CALQIVARLKNNN,0
CGTCVRDCWPETGSVRFPFH,0
CPCRFFES,0
CRANGSRIPTGERVWDRGNV,0
CRFFES,0
CSCRANGSRIPTGERVWDRG,0
DLEAVPFVNRTTPFTIRGPL,0
DPKLKWIQEYLEK,0
ELSEWGVPCVTCILDRRPAS,0
ETGSVRFPFHRCGTGPRLTK,0
FFESHVARANVKH,0
GAPASVLGSRPFDYGLKWQS,0
GICICICGRGICYCICGR,0
GICICICGYGICRCICGR,0
GICYCICGRGICRCICGR,0
GLTGGFYEPLVRRCSELMGR,0
GNQGRGNPVRSPLGFGSYTM,0
GSRIPTGERVWDRGNVTLLC,0
HCKFWA,0
HCKFWD,0
HCKFWL,0
HCKFWT,0
HLKILNTPNCALQ,0
HWSHGQNQWPLSCPQYVYGS,0
ILNTPNCALQIVA,0
ISSEVHIPLGDARLV,0
ITTYWGLHTGERDWHL,0
IVWQVDRM,0
KCPTPAIEPPTGTFGFFPGV,0
KNNNRQVCIDPKL,0
KPVSLS,0
KPVSLSY,0
KPVSLSYR,0
KPVSLSYRC,0
KPVSLSYRCP,0
KPVSLSYRCPCRFFE,0
KPVSLSYRCPCRFFES,0
LGDARLVITTYWGLHT,0
LGSSDRDTVVELSEWGVPCV,0
LQARILAVERYLKDQQQ,0
LSCPQYVYGSVSVTCVWGSV,0
LSSGRPDGFIHVQGHLQEVD,0
LSYRCPCRFFES,0
MENRWQVM,0
NRGLAA,0
NRQVCIDPKLKWI,0
NVKHLKILNTPNC,0
PCRFFES,0
PCRFFESHVARAN,0
PFDYGLKWQSCSCRANGSRI,0
PPINNCMPLGTEVSEALGGA,0
PVSLSYRCPCRFFES,0
QAVGWGDPITHWSHGQNQWP,0
QIVARLKNNNRQV,0
RCGTGPRLTKDLEAVPFVNR,0
RCPCRFFES,0
RHHYESPHPRISSEV,0
RIRTWKSLVKHHM,0
RNPVCPGYAWLSSGRPDGFI,0
SHVARANVKHLKI,0
SKIDVWSLVPVGSASCTIAA,0
SLSYRCPCRF,0
SLSYRCPCRFFES,0
SSESFTLLEQWNNWKLQLAEQWLEQINEKHYLEDIS,0
SWFASTGGRDSKIDVWSLVP,0
SYRCPC,0
TCILDRRPASCGTCVRDCWP,0
TEVSEALGGAGLTGGFYEPL,0
TGTFGFFPGVPPINNCMPLG,0
TKIRDSLHLVKCPTPAIEPP,0
TPNCALQIVARLK,0
TTPFTIRGPLGNQGRGNPVR,0
VCIDPKLKWIQEY,0
VGSASCTIAALGSSDRDTVV,0
VRRCSELMGRRNPVCPGYAW,0
VSLSYRCPCRFF,0
VSLSYRCPCRFFES,0
VSVTCVWGSVSWFASTGGRD,0
YRCPCRFFES,0
YRCPCRFFESHVA,0
SVSVGMKPSPRP,0
SVSVGTKPRPRP,0
SVSWGMKPSPRQ,0
TSYHRSA,0
CKWEEAKVKFHCQRTQSQPGSW,0
CTSDLPSSWGYMNCNCTNSSSS,0
EGPTLGNGAREIWATLFKKA,0
FHCQRTQSQPGSWFRAISSWKQ,0
FLYTAFAMQELGCNQNQFFC,0
GGKMLYNKVTKQLSYCTDPL,0
GKINISLCLTGGKMLYNKVT,0
GNTPNVSGANPVDCTMYSNK,0
GSWFRAISSWKQRNRWEWRPDF,0
GWWNQMAYYNSCKWEEAKVK,0
IFWDCWAPEEPACQDFLGAMIH,0
KIPLELWTRYNMTINQTIWN,0
KQRNRWEWRPDFKSKKVKISLPC,0
KRWNETITGPSGCANNTCYN,0
KSKKVKISLPCNSTKNLTFA,0
LKAKTNISIREGPTLGNWAR,0
MPEVEGEEIQPQMELRRNGR,0
NIAGNWSCTSDLPSSWGYMN,0
NMTINQTIWNHGNITLGEWY,0
PNQTCMWNTSQIQDPEIPKC,0
PPLVVPVEESEIIFWDCWAPEE,0
PQMELRRNGRQCGMSEKEEE,0
PVDCTMYSNKMYNCSLQNGF,0
QIPLINYTFGPNQTCMWNTS,0
QIQDPEIPKCGWWNQMAYYN,0
RNKSNLHTEARFRIRCRWNV,0
SGCANNTCYNVSVIVPDYQC,0
TGAWIEFGCHRNKSNLHTEA,0
TLVDCIRNCIHKILGYTVIA,0
YLDRVDTWLQGKINISLCLT,0
FDSQQGWFEGWFNRS,0
GLVRDNMAKLRERLK,0
KQRQQLFDSQQGWFEGWFNRSPWFT,0
QRQQLFDSQQGWFEG,0
RERLKQRQQLFDSQQ,0
YADHTGLVRDNMAKL,0
TTVKVHASDERLGPMPCRPKEIVSSAGPVM,0
VEDTLYGDHECGSLLQDAALYLVDGMTNTI,0
VKQCRWCGFDFDGPDGLPHYPIGKCILANE,0
VPTHLATDVELKEIQGMMDASEGTNYTCCK,0
WCNWHNIDPWIQLMNRTQADLAEGPPVKEC,0
FDIVKKIAGHIAGSI,0
GLFDIVKKIAGHIA,0
GLLQTIKEKLKEFAGGVVTGVQS,0
LDIVKKVVGAFGSL,0
AVSNPEATKC,0
CIKRDSP,0
DSHAKRHHGYKRKFHEKHH,0
FIQYLAPLIPHAVKAISDLI,0
FKCRRWQWRMKKAGA,0
FLEGFLVPKVVPGPTAALLKKALDD,0
GFMKYIGPLIPHAVKAISDLI,0
GLIQTIKEKLKELAGGLVTGIQS,0
GLLASLGKVLGGYLAEKLKP,0
GLLASLGKVLGGYLAEKLKPK,0
GLLDIVTGLLGNLIVDVLKPKTPAS,0
GLLGSIGKVLGGYLAEKLKPK,0
GLLGSIGNAIGAFIANKLKP,0
GLLGSIGNAIGAFIANKLKPK,0
GLLQTIKEKLKELATGLVIGVQS,0
GLLQTITEKLKEFAGGLVTGVQS,0
GLWQLIKDKFKDAATGFVTGIQS,0
GLWQLIKDKIKDAATGFVTGIQS,0
GLWQLIKDKLKDAATGFVTGIQS,0
GRRRRS,0
GRRRRSVQW,0
ILGTILGLLKSL,0
INWLKLGKAIIDAL,0
IVSYPDDAGEHAHKMG,0
KKKKKKKK,0
KKKKKKKKLLLLLLLL,0
KKWWKAKKFANSGPNA,0
KKWWKAQKAVNSGPNA,0
KLAKKLAKLAKKLAKLAKKLA,0
KVLKVLKVL,0
KWKSFIKKLTSAAKKVVTTAKPLISS,0
LKLKLKLKLKLKLK,0
LKLKLKLKLKLKLKLK,0
RGGRLTYTRPRFTVTVGR,0
RKVRGPPVSCIKRDSP,0
RNMRKVR,0
RRFPWWWPFRR,0
RRWQWR,0
TGCFQWQRN,0
TKCFGWGRN,0
TKCFQWQGN,0
TKCFQWQRN,0
VRNRVIARVGGVPYVGGPCYN,0
VRRFPWWWPFLRR,0
WALRWALRWALRWALRWALR,0
IIYCNRRTGKC,0
YCNRRTGKCQRM,0
KCRRWQWRMKKLGAPSITCVRRA,0
CVPADINKEEEFVEEFNRLKTFANFPSG,0
RMAGPWLSLHEARLLGTRGAAAPKAV,0
FSLETWVLLAI,0
LAKHEMDQGSSSEESINVSQQKFKQVKKVAIHP,0
ASVVILMVTVLKL,0
RLRNPPVNAISTTLLRDIKEGLQKAGRDHTIKAIVIC,0
IFSLYLMLDRGHLDYPRGP,0
SLFWAARPLQRCGQLVRMAIRAQH,0
DRFPTTDDVYYIP,0
DTSVLLLLAVLLSFLLFLVRGHAKVHGHLPP,0
FYLTAETWTLLVAFVTLLLIYAYWPYGTFKRLGIPG,0
ALSQYTSLSTELVLATAIFCIVFWVARALRTQVPKGLK,0
PSVYGFPAFTSATEL,0
QQLSSLSTQQTTLLLLF,0
LLFLSLWRPSSGRGKLPPGPTPLPI,0
ADIIMEKLTEKQTEVETVMSEVSGFPMPQL,0
ARTLNNKLSLSKPKFSGFT,0
DNSKETVPPEIAKR,0
RTACTQEADDGKC,0
SVTLPSICSHFNPLSLEELG,0
ILLSIWRQSSGRGKLPPGPIPLPIIGNIFQ,0
PAIQPVLSGLSRIVNGEEA,0
STGCVIAGRLANVDENLKVLLIENGENNLN,0
FSNQPPVHRSPFEDPYPEDQPHFD,0
FGRYAFTVRALSSLPDKKKEFLHNGP,0
VTQADVGSALANLKIPGVGS,0
ERYDDMAACMKSVTEQGAELSNEER,0
APARRVLQVKRVMQESSLSPAHL,0
KMQGSRMDEQRCS,0
GLLLLAGLCCLVFGIMAEDAQVAQGPSQQI,0
ASELLLASTVFCLVLWVV,0
IGVFKNIEYMCSRTSSKTWGKDA,0
RAKVLTLDGMNPRVRRVEYAVRGPIVQRALELEQELRQ,0
AGRGLCPHGARAKAAIP,0
LVTPPKALLKPLSIPNQ,0
PPDAGEDSKSENGENAPIYCICRKPDI,0
KPPCRGCSSYLME,0
LQSNSSQEKTLKERFSEIYPIHAQDVRQFVKEHGKTKISD,0
PTELQKERELTKF,0
VSVSEGLVAIVTLCLVYMLM,0
VETWLLLAVSLVLLYLYGTRTHGLFKRLGIP,0
LVEMVQALYEAPAYHLILEG,0
FSVGPTSPSAVVLLYSKELK,0
LLATVSGYFVSIDAHAEECFFERVTSGTKMG,0
FTCLLAVALAKNGIEQRSASEEI,0
LDAASPGPLALLGLLFAATLLLSALFLL,0
CIFDREWTLASNSASG,0
RNLRSIQMPRARTFS,0
MTTSLIWGIAIAACCCLWLILGIRRRQT,0
LALVCLLLTLSSRDKGKL,0
SRISNRLSSSATRT,0
GSEEEDMDALLNNS,0
NDEVEFVRTGYGKDMV,0
MWNALQDRDSAEV,0
GSVTAMTVFFPLDTA,0
SRCWFLAWNPAGTLLASCGGDRRIRIWG,0
ISRGLLLLAALCCLAPSFL,0
NVGHPQSSPQGPLTEQ,0
LRVKRAMQEASFMPPLLPPAAHQRFSTVPAVP,0
MEPSILLLLALLVGFLLLLVRGH,0
RAAQKADVLTTGA,0
SFEHMVQGSNINLGNIVTFTQFVSVTLIQLPNAL,0
EELNASGETVESLSSSEESITHIS,0
EHVSSSEEPINIFQEIYKQEKNMAIHPRKE,0
QTQTCEAEKCEMV,0
PTVAPGEV,0
RLGLWASGLILILGFLKLLRLLLRRQRLARAMD,0
YAKPGAVRSPAQILQWQVLPNTVPAKS,0
SPPDRLSVFAESAHLPLSRPFYLDPMVTVHLCPETPVPA,0
PFATVDIQDDCGITDEPQINLKRS,0
NLRKFKSKLGDRRQEPRVTKSAIEKL,0
AASRLRVESELGSLPKRALAQYLLL,0
RTASRASAWVGNP,0
SGSRIHVFKWQDTE,0
VVILASLSVMFLVSLWQQKIRERLPPGPTPLPFIGNY,0
ELFSPIAIAVLGSCVL,0
KLVAPVTFRHHRYDDLVRTLYKVQNECPGITRVYSIGR,0
SRSLKAM,0
AGKVIKCKAAVLWELKKPFSIEEVEVAPPKAHE,0
PSETAVPPPHPIPPDGGWGWVVV,0
HNGPAHWHEHFPIANGERQSPIA,0
FLSVLV,0
LFKELHEGLADKS,0
YPAGSLLRQSPQPRHTFYAGPRLSASA,0
TIILGGAWWTSAMDTKLQTKMKEIIDQHTSTWTPVVS,0
WEEKKPFSIEEVEVAPPKAHEVRIKMVA,0
AGLCSLVTSHLTEEIQASNDT,0
IIGLGTYSDPRPVPGKTFIAVKTAIDEGYRH,0
PIFPDSARLPLTRSFYLEPMVTFHVHPEAPVSSPY,0
SRFSVGSASPSSVLLYAKDL,0
HLDKQQVQLLAEMCILI,0
GEQSVGKTSLITRFMYDSFDNTYQATIGIDF,0
LPLGFSAIRRYYLGAVELSWDYRQ,0
DSHKSTTSETAPQPGSAVQGAHIS,0
GLSLRSVLVKGCQPFLSPTWQGPVLSTGKGAGTSTSS,0
DHLLSAVENELQ,0
SDNPFNASLLDEDSNREREILDATAEAL,0
TAGILLLLLLGTLEGS,0
GDISGINASVVNIQKEIDRLNEVAKNLNESLIDLQELGKY,0
INASVVNIQKEIDRLNEVAKNLNESLIDLQELGKYEQYIKWPW,0
PDVDLGDISGINASVVNIQKEIDRLNEVAKNLNESLIDLQ,0
ELSNIKENKCNGTDAKVKLIKQELDKYKNAVTELQ,0
KDCIIK,0
CATCIADHRSH,0
KKLAVLLALLA,0
RRKKAAVALLPAVL,0
RRKKLLALLAP,0
DARDAMDRIFARRYN,0
DLKYNPSRVEAFHRY,0
EVIDKINAKGVCRST,0
EYPLSRVDLGDCIGK,0
FADIDTVIHADANAA,0
HVNDMLGRVAIAWCE,0
KFMETVAEKALQEYRK,0
LEVYTRHEIKDSGLL,0
PVPFEEVIDKINAKG,0
PYKFKATMYYKDVTV,0
PYLDDFQKKWQEEMELYRQKVE,0
RLTGLLATSGFAFVNAAHANGAVCLSDLLGFLAHSRALAG,0
TVSTFIDLNITMLED,0
PNDITLNNSVALDPIDISIELNKAKSDLEESKEWI,0
APTSPGTPGVAAATQ,0
HCKFWQ,0
KPVSLSYRCPC,0
SPLGFGSYTMTKIRDSLHLV,0
EGPTLGNWAREIGATLFKKA,0
FNMTKAVEMVNIAGNWSCTS,0
GSDTSLIDTCGNTPNVSGAN,0
HKILGYTVIAMPEVEGEEIQ,0
KQLSYCTDPLQIPLINYTFG,0
LGCNQNQFFCKIPLELWTRY,0
VSVIVPDYQCYLDRVDTWLQ,0
NMAKLRERLKQRQQL,0
ELLFDGTNPSTEEMGDDFRSGLCPFDTSPV,0
TLKNRYYEPRDSYFQQYMLKGEYQYWFDLD,0
FKCRRWQARMKKLGA,0
GLLASLGKVFGGYLAEKLKPK,0
GLVSSIGKALGGLLADVVKSKGQPA,0
KAAKKAAKAAKKAAKAAKKAA,0
KKKSFIKLLTSAKVSVLTTAKPLISS,0
RVGGRVGGRVGGRVGGRVGG,0
TKCGQWQRN,0
LVALALARETIESLSSSEESITEYKQKVEKVK,0
HLLSAVESELQAGSEKGDPTERELR,0
QQLRSPRQPPRLVTSTAYTSPQ,0
ALAVLHVLEPFPTETP,0
LGFTTLALVVSVTCLSLLSVWTKLRTRGRL,0
LLLLARGHPKSRGNFPPGPRPLPLLGNLLQMDRGGLL,0
MALRVTADVWLAR,0
VKAGFAGDDTPRAVFHAIVGRPRHQ,0
TEQIVVQAGQIQQQQQGGVTAVQLQTEAQVASA,0
LPHSLAMIRLCNPPVNAVSPTV,0
LLAFLAGLLLLLFR,0
